{
  "{ArrayList<String> x = new ArrayList<String>();x.add(\"rameez\");x.add(\"tuna\");x.add(1,\"david\");x.size();String temp = x.get(2);}":"{\n\tvar x:Array<String> = Array()\n\tx.append(\"rameez\")\n\tx.append(\"tuna\")\n\tx.insert(\"david\", at: 1)\n\tx.count\n\tvar temp:String = x[2]\n}",
  "{int variable = Integer.parseInt(\"5\"); String x = String.valueOf(5);float y= Float.parseFloat(\"5.2\");}":"{\n\tvar variable:Int = Int(\"5\")!\n\tvar x:String = String(5)\n\tvar y:Float = Float(\"5.2\")!\n}",
"{Math.pow(2,3);Math.pow(2.3,3);}":"{\n\tpow(Double(2),Double(3))\n\tpow(2.3,Double(3))\n}",
  "{ String x = \"4.2\";String y = \"2\";double a = Double.parseDouble(x);int b = Integer.parseInt(y);double z = Math.pow(a,b);}":"{\n\tvar x:String = \"4.2\"\n\tvar y:String = \"2\"\n\tvar a:Double = Double(x)!\n\tvar b:Int = Int(y)!\n\tvar z:Double = pow(a,Double(b))\n}",
  "{Editable editable; int x = Integer.parseInt(editable.toString());}":"{\n\tvar editable:UITextField!\n\tvar x:Int = Int(editable.text!)!\n}",
 "{double a = Math.pow(Double.parseDouble(\"3\"+\"2\"),Math.sqrt(4));}":"{\n\tvar a:Double = pow(Double(\"3\" + \"2\")!,sqrt(Double(4)))\n}",
  "{int x; x++; x = -y;x+=1;x=+x; x--; ++x ; --x;}":"{\n\tvar x:Int = 0\n\tx += 1\n\tx = -y\n\tx += 1\n\tx = +x\n\tx -= 1\n\tx += 1\n\tx -= 1\n}",
  "{EditText editText; editText.getText().toString();}":"{\n\tvar editText:UITextField!\n\teditText.text!\n}",
  "{String x = \"a\" ; x.length(); String f = String.valueOf(x.length());int a = String.valueOf(523).length();}":"{\n\tvar x:String = \"a\"\n\tx.count\n\tvar f:String = String(x.count)\n\tvar a:Int = String(523).count\n}",
  "{ EditText edt1; edt1.getText().toString();Integer.parseInt(edt1.getText().toString());}":"{\n\tvar edt1:UITextField!\n\tedt1.text!\n\tInt(edt1.text!)!\n}"
}