{
  "int highScore = 59;":"var highScore:Int = 59",
  "String playerName = \"Jack\";":"var playerName:String = \"Jack\"",
  "String siteName;":"var siteName:String = \"\"",
  "final String siteName;":"let siteName:String = \"\"",
  "float x =0, y=5,z=0.3;":"var x:Float = 0, y:Float = 5, z:Float = 0.3",
  "double x =2, y=3.5,z=6,f=1;":"var x:Double = 2, y:Double = 3.5, z:Double = 6, f:Double = 1",
  "final double x =2, y=3.5,z=6,f=1;":"let x:Double = 2, y:Double = 3.5, z:Double = 6, f:Double = 1",
  "boolean x=true;":"var x:Bool = true",
  "boolean x,y=false,z;" : "var x:Bool!, y:Bool = false, z:Bool!",
  "char a = 'a',b,c='d';":"var a:Character = \"a\", b:Character = \"\", c:Character = \"d\"",
  "int[] y = {1,2,3};":"var y:[Int] = [1,2,3]",
  "ArrayList<String> x  = new ArrayList<String>();":"var x:Array<String> = Array()",
  "String [  ]  shoppingList={\"Eggs\",\"Milk\"};": "var shoppingList:[String] = [\"Eggs\",\"Milk\"]",
  "ClassName instance = new ClassName();" :"var instance:ClassName = ClassName()",
  "String x = String.valueOf(2);":"var x:String = String(2)",
  "String x = String.valueOf(2+3-5);":"var x:String = String(2 + 3 - 5)",
  "String x = String.valueOf(2+3-5.2);":"var x:String = String(2 + 3 - 5.2)",
  "int x = Integer.parseInt(\"5\"+\"3\");":"var x:Int = Int(\"5\" + \"3\")!",
  "String submitText = getString(R.string.submit_label);": "var submitText:String = NSLocalizedString(\"submit_label\", comment: \"\")",
  "String submitText = getResources().getString(R.string.submit_label);": "var submitText:String = NSLocalizedString(\"submit_label\", comment: \"\")"
}