{
  "switch (x){case 2:\n\tx = x + 1;\nx = x + 1;}"     : "switch x {\n\tcase 2:\n\t\tx = x + 1\n\t\tx = x + 1\n}",
  "switch (x){case 4:\n\tx = 1;\nx = y * 15;}"        : "switch x {\n\tcase 4:\n\t\tx = 1\n\t\tx = y * 15\n}",
  "switch (x){case \"4\":\n\tx = \"1\";\nz = y * 15;}": "switch x {\n\tcase \"4\":\n\t\tx = \"1\"\n\t\tz = y * 15\n}",
  "switch (x){case \"A\":\n\ty |= x;}"                : "switch x {\n\tcase \"A\":\n\t\ty |= x\n}",
  "switch (x){\n\tcase 2:\n\tcase 3:\n\tint x = 1;}"     : "switch x {\n\tcase 2:\n\tfallthrough\n\tcase 3:\n\t\tvar x:Int = 1\n}"
}