{
  // Syntax of file .... {"JavaDataType":"EquivalentSwiftDataType"}
  "int": "Int",
  "boolean": "Bool",
  "float": "Float",
  "double": "Double",
  "long": "Int64",
  "Double": "Double",
  "char": "Character",
  "String": "String",
  "ArrayList":"Array",
  "List": "Array",
  "Integer":"Int",
  "AppCompatActivity": "UIViewController",
  "MediaPlayer":"AVAudioPlayer",
  "SharedPreferences": "UserDefaults.standard",
  "SharedPreferences.Editor": "UserDefaults.standard",
  //todo solve this two
  "Bundle": "Bundle",
  "S": "",
  "null": "nil"
}