{
  // Syntax of file .... {"SwiftDataType":{"javaFun1":"EquivalentSwiftFunction1"  ,"javaFun2":"EquivalentSwiftFunction2"   }}
  "Array":{"add(Object)":"append(/0)",
    "add(int,Object)":"insert(/1, at: /0)","size()":"count",
     "isEmpty()": "isEmpty"},
  "AVAudioPlayer":{"start()":"play()"},
  "UIViewController":{"onCreate(Bundle)":"viewDidLoad()"},
  "UITextField": {"toString()": "text!", "length()": "text!.count","getText()":""},
  "UIButton": {"setText(String)": "setTitle(/0, for: .normal)"},
  "UILabel": {"setText(String)": "text = /0", "setText(int)": "text = /0" ,"setText(null)": "text = nil", "getText()": "text!"},
  "String":{"length()":"count", "toString()": ""},
  "UIImageView": {"setImageBitmap(Bitmap)": "image = /0"},
  "UserDefaults.standard": {"putString(String,String)": "setValue(/1, forKey: /0)",
    "getString(String,String)": "string(forKey: /0) else { return /1 }", "apply()": null}
}