{
 // "Swift UI DataType":{"JavaFunction":"EquivalentSwiftFunctions"}

  "UIButton":{"setOnClickListener":"removeTarget(nil, action: nil, for: .allEvents)\naddTarget(self, action: #selector(targetMethod), for: .touchUpInside)"},
  "UITextField": {"addTextChangedListener": "removeTarget(nil, action: nil, for: .allEvents)\naddTarget(self, action: #selector(targetMethod(_:)), for: .editingChanged)"},
  "UISwitch": {"setOnCheckedChangeListener": "removeTarget(nil, action: nil, for: .allEvents)\naddTarget(self, action: #selector(targetMethod), for: UIControlEvents.valueChanged)"},
  "UIImageView": {"setOnClickListener": "addGestureRecognizer(UITapGestureRecognizer(target: self, action: #selector(targetFn)))\nisUserInteractionEnabled = true\n"}

}